﻿<Inrix docType="GetSegmentSpeed" copyright="Copyright INRIX Inc." versionNumber="4.7" createdDate="2013-12-03T18:30:03Z" statusId="0" statusText="" responseId="3ce9456f-3a86-417e-8486-c3a04695860a">
  <SegmentSpeedResultSet coverage="255">
    <SegmentSpeedResults timestamp="2013-12-03 18:30:03Z">
      <Segment code="4310198" speed="63" average="63" reference="64" score="30" c-value="100" travelTimeMinutes="0.983" speedBucket="3" />
      <Segment code="4310199" speed="65" average="63" reference="64" score="30" c-value="100" travelTimeMinutes="0.517" speedBucket="3">
        <SubSegment offset="0,227" speed="63" />
      </Segment>
      <Segment code="4310219" speed="65" average="64" reference="65" score="30" c-value="100" travelTimeMinutes="0.817" speedBucket="3" />
      <Segment code="4310274" speed="65" average="64" reference="65" score="30" c-value="100" travelTimeMinutes="0.95" speedBucket="3">
        <SubSegment offset="1191,1429" speed="63" />
        <SubSegment offset="1429,1667" speed="63" />
      </Segment>
      <Segment code="4310275" speed="65" average="64" reference="65" score="30" c-value="100" travelTimeMinutes="1" speedBucket="3">
        <SubSegment offset="0,251" speed="63" />
        <SubSegment offset="1005,1256" speed="67" />
        <SubSegment offset="1256,1507" speed="66" />
      </Segment>
      <Segment code="4310276" speed="66" average="64" reference="65" score="30" c-value="100" travelTimeMinutes="1" speedBucket="3">
        <SubSegment offset="0,256" speed="67" />
        <SubSegment offset="256,511" speed="67" />
        <SubSegment offset="511,767" speed="67" />
        <SubSegment offset="1023,1278" speed="65" />
        <SubSegment offset="1278,1534" speed="65" />
        <SubSegment offset="1534,1790" speed="65" />
      </Segment>
      <Segment code="4310277" speed="65" average="64" reference="65" score="30" c-value="100" travelTimeMinutes="1.083" speedBucket="3">
        <SubSegment offset="480,720" speed="67" />
      </Segment>
      <Segment code="4310279" speed="60" average="63" reference="63" score="30" c-value="100" travelTimeMinutes="0.617" speedBucket="3">
        <SubSegment offset="0,250" speed="57" />
        <SubSegment offset="500,750" speed="62" />
        <SubSegment offset="750,1000" speed="63" />
      </Segment>
      <Segment code="4310334" speed="65" average="65" reference="65" score="30" c-value="100" travelTimeMinutes="0.55" speedBucket="3" />
      <Segment code="4310398" speed="65" average="65" reference="65" score="30" c-value="100" travelTimeMinutes="1.017" speedBucket="3" />
      <Segment code="4310399" speed="65" average="65" reference="65" score="30" c-value="100" travelTimeMinutes="0.983" speedBucket="3" />
      <Segment code="4310400" speed="67" average="65" reference="65" score="30" c-value="100" travelTimeMinutes="1.367" speedBucket="3">
        <SubSegment offset="0,248" speed="65" />
        <SubSegment offset="248,496" speed="65" />
        <SubSegment offset="496,743" speed="65" />
        <SubSegment offset="743,991" speed="65" />
        <SubSegment offset="991,1239" speed="66" />
        <SubSegment offset="1487,1734" speed="70" />
        <SubSegment offset="1734,1982" speed="69" />
        <SubSegment offset="1982,2230" speed="69" />
        <SubSegment offset="2230,2478" speed="70" />
      </Segment>
      <Segment code="4314986" speed="71" average="65" reference="65" score="30" c-value="88" travelTimeMinutes="0.45" speedBucket="3" />
      <Segment code="4316198" speed="50" average="62" reference="63" score="30" c-value="23" travelTimeMinutes="1.183" speedBucket="2">
        <SubSegment offset="0,264" speed="40" />
        <SubSegment offset="264,527" speed="47" />
        <SubSegment offset="791,1055" speed="52" />
        <SubSegment offset="1055,1318" speed="55" />
        <SubSegment offset="1318,1582" speed="57" />
      </Segment>
      <Segment code="4316202" speed="17" average="60" reference="61" score="30" c-value="100" travelTimeMinutes="1.567" speedBucket="0">
        <SubSegment offset="0,245" speed="21" />
        <SubSegment offset="245,490" speed="16" />
      </Segment>
      <Segment code="4316210" speed="37" average="51" reference="52" score="30" c-value="88" travelTimeMinutes="0.117" speedBucket="2" />
      <Segment code="4316300" speed="37" average="51" reference="52" score="30" c-value="99" travelTimeMinutes="0.583" speedBucket="2">
        <SubSegment offset="0,291" speed="41" />
        <SubSegment offset="291,581" speed="33" />
      </Segment>
      <Segment code="4316496" speed="24" average="62" reference="62" score="30" c-value="99" travelTimeMinutes="1" speedBucket="1">
        <SubSegment offset="0,212" speed="19" />
        <SubSegment offset="423,635" speed="31" />
      </Segment>
      <Segment code="4310200" speed="66" average="64" reference="65" score="30" c-value="100" travelTimeMinutes="0.933" speedBucket="3">
        <SubSegment offset="0,240" speed="67" />
        <SubSegment offset="240,479" speed="67" />
        <SubSegment offset="479,719" speed="67" />
        <SubSegment offset="719,959" speed="67" />
        <SubSegment offset="959,1198" speed="67" />
        <SubSegment offset="1438,1678" speed="65" />
      </Segment>
    </SegmentSpeedResults>
  </SegmentSpeedResultSet>

   <AuthResponse>
      <AuthToken expiry="2013-12-03T19:28:00Z">dMihbO19zCLOg9SwnCw-fWyuLu7d0X8MNejNLvMveoI|</AuthToken>
      <ServerPath>devzone.inrix.com/traffic/inrix.ashx</ServerPath>
      <ServerPaths>
        <ServerPath type="API" region="NA">http://na.api.inrix.com/V3/Traffic/Inrix.ashx</ServerPath>
        <ServerPath type="TTS" region="NA">http://na-rseg-tts.inrix.com/V3/RsegTiles/tile.ashx</ServerPath>
      </ServerPaths>
    </AuthResponse>

</Inrix>